distance,elevation,gradient,hypso
14315.3697603314,2303,0.16,0.49388829408849
14302.8697603314,2301,0.16,0.494993535797581
14290.3697603314,2299,0.113137084989848,0.493371866381738
14593.4027689204,2345,0.16,0.484061291893841
14580.9027689204,2343,0.08,0.482313277962716
14568.4027689204,2342,0.08,0.481473292450445
14555.9027689204,2341,0.07974609375,0.481911761160199
14543.4027689204,2340.00317382812,0.00025390625,0.481552311487963
14530.9027689204,2340,0.08,0.481491046956086
14518.4027689204,2339,0.16,0.481990959645218
14505.9027689204,2337,0.16,0.483112764342003
14493.4027689204,2335,0.16,0.484291701362382
14480.9027689204,2333,0.08,0.485464685908323
14468.4027689204,2332,0.16,0.486017105721505
14455.9027689204,2330,0.16,0.487181326228244
14443.4027689204,2328,0.16,0.482504677713149
14430.9027689204,2326,0.16,0.483548871280758
14418.4027689204,2324,0.169705627484771,0.484405274565369
14345.5474298611,2309,0.24,0.490911706017735
14333.0474298611,2306,0.169705627484771,0.492622156760584
14272.6920908018,2297,0.169705627484771,0.494163096739723
14673.5804384501,2364,0.24,0.584844430457407
14661.0804384501,2361,0.24,0.476429626151972
14648.5804384501,2358,0.32,0.47830719363037
14636.0804384501,2354,0.24,0.48080964275041
14623.5804384501,2351,0.24,0.48265388765019
14611.0804384501,2348,0.169705627484771,0.484484149086272
14400.7250993908,2321,0.24,0.484195926860311
14388.2250993908,2318,0.24,0.485955973225607
14375.7250993908,2315,0.24,0.487703187612012
14363.2250993908,2312,0.169705627484771,0.489437705261274
14255.0144212721,2294,0.169705627484771,0.495775252495174
14716.2581079797,2371,0.16,0.587946036041286
14703.7581079797,2369,0.16,0.583024318270041
14691.2581079797,2367,0.169705627484771,0.583623252197406
14237.3367517424,2291,0.24,0.497438576489477
14224.8367517424,2288,0.24,0.499090127492041
14212.3367517424,2285,0.24,0.490417714618128
14199.8367517424,2282,0.16,0.424021109516459
14187.3367517424,2280,0.113137084989848,0.405122929531104
14758.9357775094,2374.00317382812,0.00025390625,0.587296965159641
14746.4357775094,2374,0.08,0.587184534052776
14733.9357775094,2373,0.113137084989848,0.587363878666251
14169.6590822128,2278,0.113137084989848,0.394028782060957
14771.4357775094,2376,0.15974609375,0.58913706937421
14151.9814126831,2276,0.169705627484771,0.394800889808986
14789.1134470391,2379,0.169705627484771,0.587688396865267
14134.3037431535,2273,0.169705627484771,0.396724565129269
14806.7911165687,2385,0.339411254969543,0.58726811736484
14116.6260736238,2270,0.24,0.398634670182313
14104.1260736238,2267,0.113137084989848,0.399734067169472
14824.4687860984,2392,0.395979797464467,0.58365658971695
14086.4484040941,2265,0.08,0.385766020190294
14073.9484040941,2264,0.24,0.384237244099455
14061.4484040941,2261,0.24,0.380893472641579
14048.9484040941,2258,0.24,0.380407752990269
14036.4484040941,2255,0.32,0.382229377625347
14023.9484040941,2251,0.24,0.384857858143101
14011.4484040941,2248,0.31923828125,0.386842331028218
13998.9484040941,2244.00952148438,0.000179538831160647,0.389127869016995
14842.1464556281,2396,0.226274169979695,0.581611811591932
13981.2707345645,2244.00634765625,0.00025390625,0.389082594789285
14872.3241251577,2402,0.24,0.578674415258766
14859.8241251577,2399,0.169705627484771,0.580206184089867
13968.7707345645,2244.00317382812,0.000179538831160647,0.38581189269437
14890.0017946874,2405,0.169705627484771,0.57757937399277
13951.0930650348,2244,0.0565685424949238,0.382956623598234
14920.179464217,2410,0.16,0.580474420953798
14907.679464217,2408,0.169705627484771,0.576915926241559
13933.4153955051,2243,0.0565685424949238,0.37946194550269
14950.3571337467,2414,0.16,0.583021057708535
14937.8571337467,2412,0.113137084989848,0.58177345832975
13915.7377259755,2242,0.08,0.380110402449523
13903.2377259755,2241,0.0565685424949238,0.380646105273123
13842.8823869161,2237,0.07974609375,0.38120863397655
13830.3823869161,2236.00317382812,0.00025390625,0.378639360574933
13817.8823869161,2236,0.08,0.378619524777387
13805.3823869161,2235,0.16,0.379264251867663
13792.8823869161,2233,0.113137084989848,0.380044028288665
14968.0348032764,2417,0.169705627484771,0.633617692072237
13885.5600564458,2240,0.08,0.380249362804675
13873.0600564458,2239,0.08,0.380335086137229
13860.5600564458,2238,0.0565685424949238,0.380957572397071
13775.2047173865,2231,0.24,0.380937625019333
13762.7047173865,2228,0.16,0.382893319842632
13750.2047173865,2226,0.16,0.383488688450474
13737.7047173865,2224,0.16,0.384601635030327
13725.2047173865,2222,0.08,0.385544225317311
13712.7047173865,2221,0.08,0.385943282429456
13700.2047173865,2220,0.08,0.384942780176517
13687.7047173865,2219,0.16,0.385569486634364
13675.2047173865,2217,0.08,0.393844984440522
13662.7047173865,2216,0.16,0.39446537812206
13650.2047173865,2214,0.16,0.395306965572554
13637.7047173865,2212,0.24,0.39610444220251
13625.2047173865,2209,0.16,0.3979615804779
13612.7047173865,2207,0.113137084989848,0.398389075342323
14985.712472806,2422,0.282842712474619,0.631305218872083
13595.0270478568,2205,0.0562094648326025,0.398802624023337
15003.3901423357,2429,0.395979797464467,0.627954483495225
13577.3493783272,2204.00634765625,0.000179538831160647,0.395882583950908
15021.0678118654,2436,0.395979797464467,0.624537443397214
13559.6717087975,2204.00317382812,0.00025390625,0.395405564834337
15038.745481395,2441,0.282842712474619,0.622096107296225
13547.1717087975,2204,0.0565685424949238,0.3936596245846
15056.4231509247,2450,0.509116882454314,0.62024882945385
13529.4940392678,2203,0.08,0.393788171414001
13516.9940392678,2202,0.16,0.394366927644871
13504.4940392678,2200,0.16,0.395570245179446
13491.9940392678,2198,0.113012788875967,0.396688676149126
15074.1008204544,2461,0.622253967444162,0.614477570127715
13474.3163697382,2196.00219726562,0.00017578125,0.395687172721114
13461.8163697382,2196,0.0565685424949238,0.395564120931769
15091.778489984,2472,0.622253967444162,0.608520033984368
13444.1387002085,2195,0.0565685424949238,0.395685153069675
15109.4561595137,2482,0.565685424949238,0.602947717248617
13426.4610306788,2194,0.113137084989848,0.395978092045111
13353.6056916195,2180,0.24,0.403538743055997
13341.1056916195,2177,0.15939453125,0.404119176298656
13328.6056916195,2175.00756835938,0.000179538831160647,0.405124100200925
15127.1338290433,2490,0.45254833995939,0.598396871611411
13408.7833611492,2192,0.24,0.396875601292244
13396.2833611492,2189,0.32,0.398568297450792
13383.7833611492,2185,0.24,0.400968859491468
13371.2833611492,2182,0.113137084989848,0.402776600852266
13310.9280220899,2175.00439453125,0.00017578125,0.405010754787561
13298.4280220899,2175.00219726562,0.00017578125,0.404695501565712
13285.9280220899,2175,0.0565685424949238,0.403515273666544
15144.811498573,2496,0.339411254969543,0.594945412634711
13268.2503525602,2174,0.169028904198089,0.40406657497213
15162.4891681027,2500,0.226274169979695,0.592654748267782
13250.5726830305,2171.01196289062,0.00017578125,0.39996587007978
13238.0726830305,2171.009765625,0.00017578125,0.399896516485045
13225.5726830305,2171.00756835938,0.00017578125,0.398712275070104
13213.0726830305,2171.00537109375,0.00017578125,0.398600270166804
13200.5726830305,2171.00317382812,0.000179538831160647,0.373392082199487
15180.1668376323,2501,0.0565685424949238,0.592180449769529
13182.8950135009,2171,0.08,0.373360025596908
13170.3950135009,2170,0.24,0.373965793556694
13157.8950135009,2167,0.24,0.375821118109695
13145.3950135009,2164,0.07853515625,0.37762012321391
13132.8950135009,2163.01831054688,0.000179538831160647,0.378217148292573
15197.844507162,2505,0.226274169979695,0.59567510712564
13115.2173439712,2163.01513671875,0.000179538831160647,0.378207578952861
15215.5221766917,2512,0.395979797464467,0.608345833750014
13097.5396744415,2163.01196289062,0.000179538831160647,0.378198010280804
15233.1998462213,2517,0.282842712474619,0.605481865865268
13079.8620049119,2163.0087890625,0.00017578125,0.376588970005324
13067.3620049119,2163.00659179688,0.00017578125,0.376533192770495
13054.8620049119,2163.00439453125,0.00017578125,0.378772196627821
13042.3620049119,2163.00219726562,0.00017578125,0.378467215468186
13029.8620049119,2163,0.16,0.378056342799909
13017.3620049119,2161,0.24,0.379273116690474
13004.8620049119,2158,0.24,0.381031086410972
12992.3620049119,2155,0.32,0.382855997791208
12979.8620049119,2151,0.24,0.385207448654229
12967.3620049119,2148,0.16,0.387007354020906
12954.8620049119,2146,0.24,0.388139280171877
12942.3620049119,2143,0.282842712474619,0.389834802521125
15250.877515751,2522,0.282842712474619,0.603671990468434
12924.6843353822,2138,0.32,0.392608157419789
12912.1843353822,2134,0.24,0.394900458102414
12899.6843353822,2131,0.24,0.396592738745291
12887.1843353822,2128,0.169581331370891,0.398181495223106
15281.0551852806,2536,0.48,0.597096777188986
15268.5551852806,2530,0.45254833995939,0.599684116127478
12869.5066658526,2125.00219726562,0.00017578125,0.399606321620829
12857.0066658526,2125,0.0563890036637632,0.394654865122869
15311.2328548103,2549,0.4,0.594144901435794
15298.7328548103,2544,0.45254833995939,0.595607024089673
12839.3289963229,2124.00317382812,0.00025390625,0.394052386951671
12826.8289963229,2124,0.08,0.394044188169522
12814.3289963229,2123,0.08,0.394604541049522
12801.8289963229,2122,0.113137084989848,0.395153802632956
15353.91052434,2562,0.32,0.612987980722705
15341.41052434,2558,0.24,0.614339297527064
15328.91052434,2555,0.339411254969543,0.592306098599255
12784.1513267932,2120,0.169705627484771,0.396289068079235
15384.0881938696,2574,0.4,0.639279345290368
15371.5881938696,2569,0.395979797464467,0.623039961806687
12766.4736572636,2117,0.169705627484771,0.398003814939654
15401.7658633993,2580,0.339411254969543,0.642373995491542
12748.7959877339,2114,0.08,0.399668590346105
12736.2959877339,2113,0.08,0.392690999501652
12723.7959877339,2112,0.07982421875,0.393247140656894
12711.2959877339,2111.00219726562,0.00017578125,0.393325987654693
12698.7959877339,2111,0.08,0.393317484433199
12686.2959877339,2110,0.07853515625,0.3938340504522
12673.7959877339,2109.01831054688,0.000179538831160647,0.394236905699644
15419.443532929,2584,0.226274169979695,0.64018173221053
12656.1183182042,2109.01513671875,0.000179538831160647,0.394228940560673
15524.6212024586,2628,0.56,0.669706458722212
15512.1212024586,2621,0.56,0.661466925008262
15499.6212024586,2614,0.56,0.64363196125908
15487.1212024586,2607,0.56,0.647703827852022
15474.6212024586,2600,0.48,0.65166602185898
15462.1212024586,2594,0.4,0.654915199127844
15449.6212024586,2589,0.16,0.657492104879877
15437.1212024586,2587,0.169705627484771,0.641838566280097
12638.4406486746,2109.01196289062,0.000179538831160647,0.393462771305666
12490.5853096152,2099,0.08,0.390741050887481
12478.0853096152,2098,0.16,0.391264672984461
12465.5853096152,2096,0.0565685424949238,0.392263230862625
15542.2988719883,2638,0.565685424949238,0.670939478014389
12620.7629791449,2109.0087890625,0.00017578125,0.393198265987464
12608.2629791449,2109.00659179688,0.00017578125,0.392802702366628
12595.7629791449,2109.00439453125,0.00017578125,0.39254172426329
12583.2629791449,2109.00219726562,0.00017578125,0.392382516298703
12570.7629791449,2109,0.08,0.392291541528985
12558.2629791449,2108,0.08,0.392799619376426
12545.7629791449,2107,0.16,0.393362741818313
12533.2629791449,2105,0.16,0.39446703449377
12520.7629791449,2103,0.16,0.395413351158283
12508.2629791449,2101,0.113137084989848,0.39645306962825
12447.9076400856,2095,0.08,0.392624654508824
12435.4076400856,2094,0.08,0.393047181930234
12422.9076400856,2093,0.08,0.393565249827047
12410.4076400856,2092,0.08,0.393991649151086
12397.9076400856,2091,0.08,0.39448099738647
12385.4076400856,2090,0.08,0.395014854909021
12372.9076400856,2089,0.0565685424949238,0.393917016859458
15597.476541518,2672,0.64,0.691212069929658
15584.976541518,2664,0.64,0.695568132503978
15572.476541518,2656,0.64,0.699772785458269
15559.976541518,2648,0.565685424949238,0.683943491925593
12355.2299705559,2088,0.226274169979695,0.394469273598097
15665.1542110476,2707,0.4,0.673691093195125
15652.6542110476,2702,0.48,0.676640518484855
15640.1542110476,2696,0.56,0.680206319760553
15627.6542110476,2689,0.56,0.682574931619518
15615.1542110476,2682,0.565685424949238,0.686006215947744
12337.5523010263,2084,0.113137084989848,0.396226187444476
15682.8318805773,2713,0.339411254969543,0.677459616396894
12319.8746314966,2082,0.07931640625,0.397190996149414
12307.3746314966,2081.00854492188,0.000179538831160647,0.397639151198626
15713.0095501069,2725,0.4,0.679884518846481
15700.5095501069,2720,0.395979797464467,0.680560973541384
12289.6969619669,2081.00537109375,0.00017578125,0.396929376412429
15743.1872196366,2741,0.64,0.689187250902336
15730.6872196366,2733,0.45254833995939,0.683610139664429
12277.1969619669,2081.00317382812,0.000179538831160647,0.396855505574367
15760.8648891663,2756,0.848528137423857,0.674181351621401
12259.5192924373,2081,0.0559056298875614,0.395859027629026
15778.5425586959,2769,0.735391052434009,0.664949878002175
12241.8416229076,2080.01171875,0.00025390625,0.396192878273961
12229.3416229076,2080.00854492188,0.00017578125,0.396157083144618
12216.8416229076,2080.00634765625,0.000179538831160647,0.3959388551132
15796.2202282256,2782,0.735391052434009,0.655011825518737
12199.1639533779,2080.00317382812,0.000179538831160647,0.395839159555415
15826.3978977553,2802,0.64,0.640319381975139
15813.8978977553,2794,0.678822509939086,0.645263064904908
12181.4862838483,2080,0.0565685424949238,0.38798391292987
15919.0755672849,2862,0.64,0.657379730415657
15906.5755672849,2854,0.72,0.664475846204404
15894.0755672849,2845,0.64,0.660205314009662
15881.5755672849,2837,0.72,0.646202830377356
15869.0755672849,2828,0.64,0.64243439925114
15856.5755672849,2820,0.64,0.636807331628303
15844.0755672849,2812,0.565685424949238,0.631515637530072
12163.8086143186,2079,0.24,0.388409231504217
12151.3086143186,2076,0.24,0.390064175449678
12138.8086143186,2073,0.226274169979695,0.391666200861628
15936.7532368146,2872,0.565685424949238,0.679221854304635
12121.130944789,2069,0.113137084989848,0.39384642341262
15966.9309063442,2890,0.64,0.692009987515606
15954.4309063442,2882,0.565685424949238,0.674478477418734
12103.4532752593,2067,0.113137084989848,0.394736242141528
15984.6085758739,2902,0.678822509939086,0.698361299185556
12085.7756057296,2065,0.16,0.39578973552236
16002.2862454036,2913,0.622253967444162,0.688018939134015
12073.2756057296,2063,0.08,0.396857041346721
16019.9639149332,2927,0.791959594928933,0.672376951876541
12060.7756057296,2062,0.0565685424949238,0.396867726536981
16037.6415844629,2944,0.961665222413705,0.649691358024692
12043.0979362,2061,0.0565685424949238,0.397019733288408
16055.3192539926,2955,0.622253967444162,0.633832303988275
12025.4202666703,2060,0.08,0.39736314916995
12012.9202666703,2059,0.0565685424949238,0.397825945870537
16072.9969235222,2961,0.339411254969543,0.625606480679259
11995.2425971406,2058,0.0562647075498827,0.398177981095436
16085.4969235222,2966,0.4,0.630786811904298
11977.564927611,2057.00537109375,0.00017578125,0.390645573021837
11965.064927611,2057.00317382812,0.00025390625,0.390610053165096
11952.564927611,2057,0.08,0.390604379386302
11940.064927611,2056,0.08,0.391101954123773
11927.564927611,2055,0.16,0.391634706237065
11915.064927611,2053,0.16,0.392149531691584
11902.564927611,2051,0.08,0.393224014820882
11890.064927611,2050,0.16,0.393759771485518
11877.564927611,2048,0.169705627484771,0.39483582785639
11769.3542494923,2036,0.318701171875,0.400870374116307
11756.8542494923,2032.01623535156,0.00017578125,0.400060201750128
11744.3542494923,2032.01403808594,0.00017578125,0.400053852424319
11731.8542494923,2032.01184082031,0.00017578125,0.400047503368758
11719.3542494923,2032.00964355469,0.00017578125,0.399930136410294
11706.8542494923,2032.00744628906,0.00017578125,0.399908847455562
11694.3542494923,2032.00524902344,0.00017578125,0.39988756107477
11681.8542494923,2032.00305175781,0.000172633491500622,0.36936744520771
16097.9969235222,2971,0.4,0.631897203325775
11859.8872580813,2045,0.16,0.396373664439897
11847.3872580813,2043,0.08,0.397309739382588
11834.8872580813,2042,0.08,0.397779877923985
11822.3872580813,2041,0.0565685424949238,0.398299657250787
11787.031919022,2039,0.169705627484771,0.399284554100036
11664.1765799627,2032,0.113137084989848,0.369358100688155
16110.4969235222,2976,0.4,0.644917064589092
11804.7095885516,2040,0.0565685424949238,0.398766632057971
11646.498910433,2030,0.339411254969543,0.370461866203141
16122.9969235222,2982,0.48,0.654150054367525
11628.8212409033,2024,0.395979797464467,0.373760936029311
16135.4969235222,2990,0.64,0.652169720347156
11611.1435713737,2017,0.24,0.377550620652565
11598.6435713737,2014,0.1593359375,0.379153392621011
11586.1435713737,2012.00830078125,0.00017578125,0.379810863319295
16153.1745930519,3000,0.565685424949238,0.641562500000001
11573.6435713737,2012.00610351562,0.000172633491500622,0.378063632363946
16170.8522625815,3007,0.395979797464467,0.726782689049745
11555.965901844,2012.00305175781,0.000172633491500622,0.377783930770468
16188.5299321112,3013,0.339411254969543,0.733497536945811
11538.2882323143,2012,0.08,0.377690009688054
11525.7882323143,2011,0.0562716128895427,0.378184036325615
16206.2076016409,3023,0.565685424949238,0.732971996386631
11508.1105627847,2010.00524902344,0.00017578125,0.378663608021215
11495.6105627847,2010.00305175781,0.000172633491500622,0.378085152666962
16218.7076016409,3033,0.8,0.765473684210527
11477.932893255,2010,0.0565685424949238,0.377649786029845
16236.3852711705,3046,0.735391052434009,0.7613416988417
11460.2552237254,2009,0.0565685424949238,0.378052533812109
16254.0629407002,3059,0.735391052434009,0.753928170594835
11442.5775541957,2008,0.0564442463810434,0.378561283093989
16271.7406102299,3074,0.848528137423857,0.735374149659866
11424.899884666,2007.00219726562,0.00017578125,0.378887464467577
16289.4182797595,3085,0.622253967444162,0.720386784850926
11412.399884666,2007,0.0565685424949238,0.378866413874047
16307.0959492892,3094,0.509116882454314,0.705965909090907
11394.7222151364,2006,0.113137084989848,0.378726170734194
16324.7736188189,3101,0.395979797464467,0.694627192982456
11377.0445456067,2004,0.113137084989848,0.379596095469215
16342.4512883485,3108,0.395979797464467,0.677419354838712
11359.366876077,2002,0.24,0.380649978558186
11346.866876077,1999,0.24,0.382235138656059
11334.366876077,1996,0.16,0.383676700733315
11321.866876077,1994,0.16,0.384683207921505
11309.366876077,1992,0.0563959090034232,0.385457306110392
16360.1289578782,3114,0.339411254969543,0.659090909090909
11291.6892065474,1991.00305175781,0.000172633491500622,0.385616580897593
16377.8066274078,3121,0.395979797464467,0.621621621621622
11274.0115370177,1991,0.113137084989848,0.38525974731344
16395.4842969375,3126,0.282842712474619,0.588169642857139
11256.3338674881,1989,0.0565685424949238,0.386236926526809
16413.1619664672,3132,0.339411254969543,0.519943019943027
11238.6561979584,1988,0.08,0.386638096424081
11226.1561979584,1987,0.0565685424949238,0.387124197029816
16430.8396359968,3135,0.169705627484771,0.479933110367888
11208.4785284287,1986,0.08,0.387561284747843
11195.9785284287,1985,0.0559263459065415,0.388007634011952
16448.5173055265,3136,0.0565685424949238,0.476363636363637
11178.3008588991,1984.01135253906,0.00017578125,0.388295660835331
11165.8008588991,1984.00915527344,0.000172633491500622,0.38824188546875
16466.1949750562,3137,0.0565685424949238,0.511538461538453
11148.1231893694,1984.00610351562,0.000172633491500622,0.388176720881195
16478.6949750562,3138,0.08,0.530701754385973
11130.4455198397,1984.00305175781,0.000172633491500622,0.387947852477417
16491.1949750562,3140,0.16,0.529411764705882
11112.7678503101,1984,0.0565685424949238,0.387316559346304
16503.6949750562,3143,0.24,0.492857142857149
11095.0901807804,1983,0.08,0.387794673190212
16516.1949750562,3146,0.24,0.42424242424241
11082.5901807804,1982,0.113137084989848,0.388272321520107
10610.1028073651,1950,0.07982421875,0.376895431865142
10597.6028073651,1949.00219726562,0.00017578125,0.377289712402324
10585.1028073651,1949,0.0565685424949238,0.377272066158195
16528.6949750562,3148,0.16,0.396825396825382
11064.9125112507,1980,0.169705627484771,0.389280447996883
10627.7804768948,1953,0.169705627484771,0.375501458835397
10567.4251378355,1948,0.113137084989848,0.377731023934544
16546.3726445858,3150,0.113137084989848,0.464285714285714
11047.2348417211,1977,0.113137084989848,0.390780891700637
10657.9581464245,1957,0.16,0.373539791255184
10645.4581464245,1955,0.113137084989848,0.374562290073954
10549.7474683058,1946,0.16,0.378724097511908
10537.2474683058,1944,0.24,0.379717396339387
10524.7474683058,1941,0.16,0.381223807106877
10512.2474683058,1939,0.16,0.382216396192638
10499.7474683058,1937,0.08,0.383186828033168
10487.2474683058,1936,0.08,0.383684031831488
10474.7474683058,1935,0.07982421875,0.384153927347246
10462.2474683058,1934.00219726562,0.00017578125,0.384155532887135
10449.7474683058,1934,0.078173828125,0.384152768510788
10437.2474683058,1933.02282714844,0.00017578125,0.374185431899808
10424.7474683058,1933.02062988281,0.00017578125,0.37416219838327
10412.2474683058,1933.01843261719,0.00017578125,0.374159766869879
10399.7474683058,1933.01623535156,0.00017578125,0.374157335415479
10387.2474683058,1933.01403808594,0.00017578125,0.37415490402007
10374.7474683058,1933.01184082031,0.00017578125,0.37415247268365
10362.2474683058,1933.00964355469,0.00017578125,0.374150041406216
10349.7474683058,1933.00744628906,0.00017578125,0.374147610187767
10337.2474683058,1933.00524902344,0.00017578125,0.374145179028301
10324.7474683058,1933.00305175781,0.000172633491500622,0.371763646871302
16564.0503141155,3153,0.169705627484771,0.5
16576.5503141155,3157,0.32,NaN
11029.5571721914,1975,0.113137084989848,0.391797339778045
10675.6358159541,1959,0.113137084989848,0.372524383517466
10307.0697987761,1933,0.0565685424949238,0.371474234656713
11011.8795026618,1973,0.078037109375,0.375775815261587
10999.3795026618,1972.02453613281,0.00017578125,0.376214993596015
10986.8795026618,1972.02233886719,0.00017578125,0.376211887628856
10974.3795026618,1972.02014160156,0.00017578125,0.376208781748486
10961.8795026618,1972.01794433594,0.00017578125,0.376205675954905
10949.3795026618,1972.01574707031,0.000172633491500622,0.369475041620046
10693.3134854838,1959.00305175781,0.000172633491500622,0.37257260835901
10289.3921292465,1932,0.08,0.371703645724244
10276.8921292465,1931,0.16,0.372208481914444
10264.3921292465,1929,0.24,0.373208753898397
10251.8921292465,1926,0.07845703125,0.374686149679406
10239.3921292465,1925.01928710938,0.00017578125,0.374947308443383
10226.8921292465,1925.01708984375,0.00017578125,0.374819756894981
10214.3921292465,1925.01489257812,0.00017578125,0.374806963291748
10201.8921292465,1925.0126953125,0.000172633491500622,0.374790792501728
10931.7018331321,1972.0126953125,0.000172633491500622,0.369300297107868
10710.9911550134,1959.00610351562,0.000172633491500622,0.372604126215189
10184.2144597168,1925.00964355469,0.00017578125,0.374733323646824
10171.7144597168,1925.00744628906,0.00017578125,0.374693531649171
10159.2144597168,1925.00524902344,0.00017578125,0.374673897992193
10146.7144597168,1925.00305175781,0.000172633491500622,0.372623110395006
10914.0241636024,1972.00964355469,0.000172633491500622,0.369089001576762
10728.6688245431,1959.00915527344,0.000172633491500622,0.37282092593447
10129.0367901871,1925,0.0564442463810434,0.372449426268765
10896.3464940728,1972.00659179688,0.00017578125,0.368309608749881
10883.8464940728,1972.00439453125,0.00017578125,0.368299582576285
10871.3464940728,1972.00219726562,0.00017578125,0.368278642921752
10858.8464940728,1972,0.08,0.368276061682871
10846.3464940728,1971,0.08,0.368321905774078
10833.8464940728,1970,0.16,0.368824134126158
10821.3464940728,1968,0.16,0.369837506911808
10808.8464940728,1966,0.24,0.370865017412121
10796.3464940728,1963,0.31849609375,0.372425131079731
10783.8464940728,1959.01879882812,0.00017578125,0.374482270632202
10771.3464940728,1959.0166015625,0.00017578125,0.374479609065036
10758.8464940728,1959.01440429688,0.00017578125,0.374476947566191
10746.3464940728,1959.01220703125,0.000172633491500622,0.372935242834076
10111.3591206575,1924.00219726562,0.00017578125,0.372560269524126
10098.8591206575,1924,0.0565685424949238,0.372488041660838
10081.1814511278,1923,0.226274169979695,0.372989008694614
10063.5037815982,1919,0.282842712474619,0.374995176908722
10045.8261120685,1914,0.159267578125,0.377485705025592
10033.3261120685,1912.00915527344,0.000172633491500622,0.378445568906668
10015.6484425388,1912.00610351562,0.000172633491500622,0.377648554392597
9997.97077300917,1912.00305175781,0.000172633491500622,0.377452825551967
9980.29310347951,1912,0.0565685424949238,0.377312702792144
9962.61543394984,1911,0.226274169979695,0.377804976228345
9944.93776442018,1907,0.113137084989848,0.379776683604901
9927.26009489052,1905,0.07982421875,0.380590939777729
9914.76009489052,1904.00219726562,0.00017578125,0.378693451184254
9902.26009489052,1904,0.08,0.378691056195227
9889.76009489052,1903,0.08,0.379175651996049
9877.26009489052,1902,0.08,0.379642306283921
9864.76009489052,1901,0.0565685424949238,0.380084809865398
9847.08242536086,1900,0.08,0.380513552297439
9834.58242536086,1899,0.078876953125,0.380995129372398
9822.08242536086,1898.01403808594,0.00017578125,0.381462127227118
9809.58242536086,1898.01184082031,0.00017578125,0.381412839919795
9797.08242536086,1898.00964355469,0.00017578125,0.38126547723419
9784.58242536086,1898.00744628906,0.00017578125,0.381259570977198
9772.08242536086,1898.00524902344,0.000172633491500622,0.379898531131238
9754.40475583119,1898.00219726562,0.00017578125,0.37921165145112
9741.90475583119,1898,0.0565685424949238,0.379192249751157
9724.22708630153,1897,0.07951171875,0.379564529060548
9711.72708630153,1896.00610351562,0.000244140625,0.380042796460754
9699.22708630153,1896.00305175781,0.000172633491500622,0.379500407431508
9681.54941677187,1896,0.0563959090034232,0.378874457808965
9663.8717472422,1895.00305175781,0.000244140625,0.379240933865327
9651.3717472422,1895,0.0565685424949238,0.37922649316296
9633.69407771254,1894,0.08,0.37970136509343
9621.19407771254,1893,0.0565685424949238,0.379913851944416
9603.51640818288,1892,0.113137084989848,0.380393783973024
9585.83873865321,1890,0.0565685424949238,0.381285182877744
9568.16106912355,1889,0.07982421875,0.381731390169666
9555.66106912355,1888.00219726562,0.00017578125,0.382047680243039
9543.16106912355,1888,0.0565685424949238,0.381728667656045
9525.48339959389,1887,0.0565685424949238,0.382115511915723
9507.80573006422,1886,0.111928650549343,0.382594633453993
9490.12806053456,1884.02136230469,0.000172633491500622,0.38314386966536
9472.4503910049,1884.01831054688,0.000172633491500622,0.383011360548235
9454.77272147524,1884.01525878906,0.000172633491500622,0.380728666378419
9437.09505194557,1884.01220703125,0.000172633491500622,0.380658428044767
9419.41738241591,1884.00915527344,0.000172633491500622,0.38061587643001
9401.73971288625,1884.00610351562,0.000172633491500622,0.380570029098163
9384.06204335658,1884.00305175781,0.000244140625,0.380546252288725
9371.56204335658,1884,0.078740234375,0.380544550183679
9359.06204335658,1883.01574707031,0.00017578125,0.381013054939973
9346.56204335658,1883.01354980469,0.00017578125,0.381010934845743
9334.06204335658,1883.01135253906,0.000172633491500622,0.380923576381145
9316.38437382692,1883.00830078125,0.00017578125,0.380906013879816
9303.88437382692,1883.00610351562,0.000172633491500622,0.380557363982752
9286.20670429726,1883.00305175781,0.000244140625,0.380502527923991
9273.70670429726,1883,0.0565685424949238,0.380497665551728
9256.02903476759,1882,0.169705627484771,0.380976593968877
9238.35136523793,1879,0.282842712474619,0.382415232144309
9220.67369570827,1874,0.24,0.384136650076822
9208.17369570827,1871,0.158671875,0.385549607472251
9195.67369570827,1869.0166015625,0.00017578125,0.386406992847194
9183.17369570827,1869.01440429688,0.00017578125,0.386354894883143
9170.67369570827,1869.01220703125,0.000172633491500622,0.386279527034421
9152.99602617861,1869.00915527344,0.000172633491500622,0.386153343398737
9135.31835664894,1869.00610351562,0.000172633491500622,0.384431438081385
9117.64068711928,1869.00305175781,0.000172633491500622,0.384376188923167
9099.96301758962,1869,0.0565685424949238,0.384225455892327
9082.28534805995,1868,0.113137084989848,0.38469631500497
9064.60767853029,1866,0.079755859375,0.385508570905514
9052.10767853029,1865.00305175781,0.000172633491500622,0.385960080164977
9034.43000900063,1865,0.0564442463810434,0.385257854196329
9016.75233947096,1864.00219726562,0.00017578125,0.385671996624629
9004.25233947096,1864,0.0565685424949238,0.385360505128405
8986.5746699413,1863,0.113137084989848,0.385664789468191
8968.89700041164,1861,0.08,0.386444477182893
8956.39700041164,1860,0.0563959090034232,0.386866652580135
8938.71933088198,1859.00305175781,0.000172633491500622,0.388844059399072
8921.04166135231,1859,0.0565685424949238,0.388822730520602
8903.36399182265,1858,0.08,0.388916345180692
8890.86399182265,1857,0.08,0.389362534508402
8878.36399182265,1856,0.08,0.389810140047264
8865.86399182265,1855,0.169705627484771,0.390263039167031
8848.18632229299,1852,0.16,0.391645790193902
8835.68632229299,1850,0.158359375,0.392567545583779
8823.18632229299,1848.0205078125,0.00017578125,0.393460539001951
8810.68632229299,1848.01831054688,0.000172633491500622,0.389422104853867
8793.00865276332,1848.01525878906,0.000172633491500622,0.389276775961023
8775.33098323366,1848.01220703125,0.000172633491500622,0.389152337677386
8757.653313704,1848.00915527344,0.000172633491500622,0.389033546231043
8739.97564417433,1848.00610351562,0.000172633491500622,0.388964508568165
8722.29797464467,1848.00305175781,0.000172633491500622,0.388886024522125
8704.62030511501,1848,0.0565685424949238,0.388846191890984
8686.94263558534,1847,0.05550512018728,0.389288927929828
8669.26496605568,1846.01879882812,0.00017578125,0.389738473724814
8656.76496605568,1846.0166015625,0.00017578125,0.389737447163716
8644.26496605568,1846.01440429688,0.00017578125,0.389736420618709
8631.76496605568,1846.01220703125,0.000172633491500622,0.389286464944982
8614.08729652602,1846.00915527344,0.000172633491500622,0.389231383352145
8596.40962699636,1846.00610351562,0.000172633491500622,0.38919111802561
8578.73195746669,1846.00305175781,0.000244140625,0.383950391244463
8566.23195746669,1846,0.16,0.383949855316879
8553.73195746669,1844,0.08,0.384873339054527
8541.23195746669,1843,0.08,0.385335970090182
8528.73195746669,1842,0.076484375,0.385788210878788
8516.23195746669,1841.0439453125,0.00017578125,0.386227146420654
8503.73195746669,1841.04174804688,0.00017578125,0.386226192920932
8491.23195746669,1841.03955078125,0.00017578125,0.386225239436023
8478.73195746669,1841.03735351562,0.00017578125,0.386224285965928
8466.23195746669,1841.03515625,0.00017578125,0.386223332510646
8453.73195746669,1841.03295898438,0.00017578125,0.386222379070177
8441.23195746669,1841.03076171875,0.00017578125,0.386221425644521
8428.73195746669,1841.02856445312,0.00017578125,0.386220472233677
8416.23195746669,1841.0263671875,0.00017578125,0.386219518837646
8403.73195746669,1841.02416992188,0.00017578125,0.386218565456426
8391.23195746669,1841.02197265625,0.00017578125,0.386217612090018
8378.73195746669,1841.01977539062,0.00017578125,0.386216658738421
8366.23195746669,1841.017578125,0.00017578125,0.386215705401636
8353.73195746669,1841.01538085938,0.00017578125,0.386214752079661
8341.23195746669,1841.01318359375,0.00017578125,0.386213798772497
8328.73195746669,1841.01098632812,0.00017578125,0.386212845480144
8316.23195746669,1841.0087890625,0.00017578125,0.385196848962598
8303.73195746669,1841.00659179688,0.00017578125,0.385182441340115
8291.23195746669,1841.00439453125,0.00017578125,0.385173763188783
8278.73195746669,1841.00219726562,0.00017578125,0.381073314325904
8266.23195746669,1841,0.08,0.381072438044708
8253.73195746669,1840,0.0565685424949238,0.3815164363864
8236.05428793703,1839,0.16,0.381917852816792
8223.55428793703,1837,0.113137084989848,0.382834171928301
8205.87661840737,1835,0.113137084989848,0.38165829187903
8188.1989488777,1833,0.08,0.382572292880127
8175.6989488777,1832,0.113137084989848,0.383005220496841
8158.02127934804,1830,0.07982421875,0.383878336362105
8145.52127934804,1829.00219726562,0.00017578125,0.384326491583774
8133.02127934804,1829,0.0565685424949238,0.384190080993407
8115.34360981838,1828,0.08,0.384625610346906
8102.84360981838,1827,0.112342970928945,0.385079146499027
8085.16594028871,1825.01403808594,0.00017578125,0.385918609001158
8072.66594028871,1825.01184082031,0.00017578125,0.385908287145806
8060.16594028871,1825.00964355469,0.00017578125,0.385899821131921
8047.66594028871,1825.00744628906,0.00017578125,0.385895113712245
8035.16594028871,1825.00524902344,0.00017578125,0.38588103192964
8022.66594028871,1825.00305175781,0.000244140625,0.385880127182667
8010.16594028871,1825,0.16,0.385879613475677
7997.66594028871,1823,0.24,0.386791568355089
7985.16594028871,1820,0.16,0.388155367207703
7972.66594028871,1818,0.0565685424949238,0.388526042334802
7954.98827075905,1817,0.0565685424949238,0.388975144482674
7937.31060122938,1816,0.113137084989848,0.389404605826388
7919.63293169972,1814,0.167792848398945,0.390305256828371
7901.95526217006,1811.03381347656,0.00017578125,0.391633187301761
7889.45526217006,1811.03161621094,0.00017578125,0.391632237569858
7876.95526217006,1811.02941894531,0.00017578125,0.391631287852157
7864.45526217006,1811.02722167969,0.00017578125,0.391630338148656
7851.95526217006,1811.02502441406,0.00017578125,0.391629388459357
7839.45526217006,1811.02282714844,0.00017578125,0.391628438784258
7826.95526217006,1811.02062988281,0.00017578125,0.391627489123359
7814.45526217006,1811.01843261719,0.00017578125,0.39162653947666
7801.95526217006,1811.01623535156,0.00017578125,0.391625589844161
7789.45526217006,1811.01403808594,0.00017578125,0.391624640225862
7776.95526217006,1811.01184082031,0.00017578125,0.391623690621762
7764.45526217006,1811.00964355469,0.00017578125,0.391622741031862
7751.95526217006,1811.00744628906,0.00017578125,0.39162179145616
7739.45526217006,1811.00524902344,0.00017578125,0.386134495650889
7726.95526217006,1811.00305175781,0.000172633491500622,0.386131843183986
7709.27759264039,1811,0.08,0.38472733180692
7696.77759264039,1810,0.16,0.385177115665996
7684.27759264039,1808,0.24,0.386069289437426
7671.77759264039,1805,0.24,0.387419734425906
7659.27759264039,1802,0.074599609375,0.388702079419878
7646.77759264039,1801.06750488281,0.00017578125,0.389100005472072
7634.27759264039,1801.06530761719,0.00017578125,0.389099155396307
7621.77759264039,1801.06311035156,0.00017578125,0.389098305332965
7609.27759264039,1801.06091308594,0.00017578125,0.389097455282047
7596.77759264039,1801.05871582031,0.000172633491500622,0.38698298077079
7579.09992311073,1801.0556640625,0.00017578125,0.386953849523196
7566.59992311073,1801.05346679688,0.00017578125,0.38695122493016
7554.09992311073,1801.05126953125,0.00017578125,0.386950400684734
7541.59992311073,1801.04907226562,0.00017578125,0.386949576451375
7529.09992311073,1801.046875,0.00017578125,0.386948752230081
7516.59992311073,1801.04467773438,0.00017578125,0.386947928020852
7504.09992311073,1801.04248046875,0.00017578125,0.386947103823689
7491.59992311073,1801.04028320312,0.00017578125,0.386946279638591
7479.09992311073,1801.0380859375,0.00017578125,0.386945455465558
7466.59992311073,1801.03588867188,0.00017578125,0.38694463130459
7454.09992311073,1801.03369140625,0.00017578125,0.386943807155686
7441.59992311073,1801.03149414062,0.00017578125,0.386942983018847
7429.09992311073,1801.029296875,0.00017578125,0.386942158894072
7416.59992311073,1801.02709960938,0.000172633491500622,0.386555086859122
7398.92225358106,1801.02404785156,0.000172633491500622,0.386471486800902
7381.2445840514,1801.02099609375,0.000172633491500622,0.386405377271489
7363.56691452174,1801.01794433594,0.00017578125,0.38636011958141
7351.06691452174,1801.01574707031,0.00017578125,0.386353983706547
7338.56691452174,1801.01354980469,0.00017578125,0.386344433876301
7326.06691452174,1801.01135253906,0.000172633491500622,0.386334898336613
7308.38924499207,1801.00830078125,0.00017578125,0.385605137920945
7295.88924499207,1801.00610351562,0.000244140625,0.385592161670726
7283.38924499207,1801.00305175781,0.000244140625,0.385584699126834
7270.88924499207,1801,0.4,0.385584274772558
7258.38924499207,1796,0.64,0.387823224905439
7245.88924499207,1788,0.239296875,0.391372825301775
7233.38924499207,1785.0087890625,0.00017578125,0.392688320709006
7220.88924499207,1785.00659179688,0.00017578125,0.392687456209525
7208.38924499207,1785.00439453125,0.00017578125,0.392686591722441
7195.88924499207,1785.00219726562,0.00017578125,0.388944543274621
7183.38924499207,1785,0.0565685424949238,0.388942060432108
7165.71157546241,1784,0.16,0.389284758785221
7153.21157546241,1782,0.24,0.390163193740149
7140.71157546241,1779,0.169705627484771,0.391469322736043
7123.03390593274,1776,0.169705627484771,0.39277312348743
7105.35623640308,1773,0.24,0.394061234832012
7092.85623640308,1770,0.169705627484771,0.395353785028924
7075.17856687342,1767,0.169705627484771,0.396571286363099
7057.50089734375,1764,0.157197265625,0.397632245141399
7045.00089734375,1762.03503417969,0.00017578125,0.398438600094997
7032.50089734375,1762.03283691406,0.00017578125,0.398432509840128
7020.00089734375,1762.03063964844,0.000172633491500622,0.398424695397761
7002.32322781409,1762.02758789062,0.00017578125,0.398388315410556
6989.82322781409,1762.025390625,0.00017578125,0.39837179776554
6977.32322781409,1762.02319335938,0.000172633491500622,0.398363929332196
6959.64555828442,1762.02014160156,0.00017578125,0.395862156862909
6947.14555828442,1762.01794433594,0.00017578125,0.395845900142067
6934.64555828442,1762.01574707031,0.00017578125,0.391296774051164
6922.14555828442,1762.01354980469,0.00017578125,0.391289421804933
6909.64555828442,1762.01135253906,0.000172633491500622,0.391267514911071
6891.96788875476,1762.00830078125,0.00017578125,0.391201077182798
6879.46788875476,1762.00610351562,0.000172633491500622,0.391190471475281
6861.7902192251,1762.00305175781,0.000244140625,0.391127832777235
6849.2902192251,1762,0.0565685424949238,0.391125825702726
6831.61254969543,1761,0.226274169979695,0.391557210226866
6813.93488016577,1757,0.113137084989848,0.393120774310133
6796.2572106361,1755,0.16,0.393697206226039
6783.7572106361,1753,0.077578125,0.394548110798746
6771.2572106361,1752.0302734375,0.00017578125,0.394715131290904
6758.7572106361,1752.02807617188,0.00017578125,0.394696533924088
6746.2572106361,1752.02587890625,0.00017578125,0.394695794308575
6733.7572106361,1752.02368164062,0.00017578125,0.394695054703044
6721.2572106361,1752.021484375,0.00017578125,0.394694315107498
6708.7572106361,1752.01928710938,0.00017578125,0.394693575521934
6696.2572106361,1752.01708984375,0.00017578125,0.394692835946353
6683.7572106361,1752.01489257812,0.00017578125,0.394692096380755
6671.2572106361,1752.0126953125,0.00017578125,0.394691356825139
6658.7572106361,1752.01049804688,0.00017578125,0.394690617279506
6646.2572106361,1752.00830078125,0.00017578125,0.394689877743855
6633.7572106361,1752.00610351562,0.000172633491500622,0.394484180212441
6616.07954110644,1752.00305175781,0.000172633491500622,0.393854781065549
6598.40187157678,1752,0.113137084989848,0.393852747466214
6580.72420204711,1750,0.4,0.394703271824623
6568.22420204711,1745,0.56,0.396829916141143
6555.72420204711,1738,0.32,0.399782866085009
6543.22420204711,1734,0.079755859375,0.401444976120008
6530.72420204711,1733.00305175781,0.000172633491500622,0.401776508155123
6513.04653251745,1733,0.08,0.400216971091288
6500.54653251745,1732,0.16,0.400629877269106
6488.04653251745,1730,0.07916015625,0.401424409950579
6475.54653251745,1729.01049804688,0.00017578125,0.401824758715564
6463.04653251745,1729.00830078125,0.000172633491500622,0.401793264194652
6445.36886298779,1729.00524902344,0.000172633491500622,0.401777784022686
6427.69119345812,1729.00219726562,0.00017578125,0.401728000666061
6415.19119345812,1729,0.0564442463810434,0.401725528934425
6397.51352392846,1728.00219726562,0.00017578125,0.401924469936777
6385.01352392846,1728,0.0565685424949238,0.401916984203465
6367.33585439879,1727,0.0565685424949238,0.402308807295875
6349.65818486913,1726,0.08,0.402321367988039
6337.15818486913,1725,0.08,0.402732459482832
6324.65818486913,1724,0.113137084989848,0.403068138748597
6306.98051533947,1722,0.112840155384467,0.403892640843145
6289.3028458098,1720.00524902344,0.00017578125,0.404605005416552
6276.8028458098,1720.00305175781,0.000172633491500622,0.404123771023744
6259.12517628014,1720,0.0565685424949238,0.404019722729132
6241.44750675047,1719,0.113137084989848,0.404424540012597
6223.76983722081,1717,0.169705627484771,0.405244319903966
6206.09216769115,1714,0.225431718541172,0.406470599582388
6188.41449816148,1710.01489257812,0.00017578125,0.407850537399639
6175.91449816148,1710.0126953125,0.00017578125,0.407849717226976
6163.41449816148,1710.01049804688,0.00017578125,0.407848897064845
6150.91449816148,1710.00830078125,0.00017578125,0.407848076913245
6138.41449816148,1710.00610351562,0.000244140625,0.407847256772176
6125.91449816148,1710.00305175781,0.000244140625,0.407846783922397
6113.41449816148,1710,0.0565685424949238,0.407360900321056
6095.73682863182,1709,0.079755859375,0.407647683627706
6083.23682863182,1708.00305175781,0.000244140625,0.408049027953468
6070.73682863182,1708,0.08,0.408048555092418
6058.23682863182,1707,0.08,0.408278584475225
6045.73682863182,1706,0.16,0.408680175639595
6033.23682863182,1704,0.08,0.409447764882278
6020.73682863182,1703,0.0796484375,0.409849429938493
6008.23682863182,1702.00439453125,0.00017578125,0.409827794440856
5995.73682863182,1702.00219726562,0.00017578125,0.409825254378704
5983.23682863182,1702,0.158701171875,0.409824424096454
5970.73682863182,1700.01623535156,0.00017578125,0.410603739916869
5958.23682863182,1700.01403808594,0.00017578125,0.410602904098034
5945.73682863182,1700.01184082031,0.00017578125,0.41060206828982
5933.23682863182,1700.00964355469,0.00017578125,0.410278363942401
5920.73682863182,1700.00744628906,0.00017578125,0.409988108691417
5908.23682863182,1700.00524902344,0.00017578125,0.409975514480324
5895.73682863182,1700.00305175781,0.000172633491500622,0.409963055074875
5878.05915910215,1700,0.0565685424949238,0.40984837908646
5860.38148957249,1699,0.112964451498347,0.410248676016525
5842.70382004283,1697.00305175781,0.000244140625,0.41102091811966
5830.20382004283,1697,0.08,0.411020424049804
5817.70382004283,1696,0.0565685424949238,0.411407243948173
5800.02615051316,1695,0.16,0.415001306934721
5787.52615051316,1693,0.169705627484771,0.415791770816601
5769.8484809835,1690,0.24,0.416809921234461
5757.3484809835,1687,0.15810546875,0.417990404830852
5744.8484809835,1685.02368164062,0.00017578125,0.418730885186648
5732.3484809835,1685.021484375,0.00017578125,0.4187300857775
5719.8484809835,1685.01928710938,0.00017578125,0.418729286378022
5707.3484809835,1685.01708984375,0.00017578125,0.418728486988213
5694.8484809835,1685.01489257812,0.00017578125,0.418474329506027
5682.3484809835,1685.0126953125,0.00017578125,0.418460765991641
5669.8484809835,1685.01049804688,0.000172633491500622,0.418415975904682
5652.17081145383,1685.00744628906,0.000172633491500622,0.418334346264295
5634.49314192417,1685.00439453125,0.00017578125,0.418113045052276
5621.99314192417,1685.00219726562,0.00017578125,0.41811060097161
5609.49314192417,1685,0.113137084989848,0.418109807643907
5591.81547239451,1683,0.24,0.417563965875104
5579.31547239451,1680,0.158359375,0.418737370373547
5566.81547239451,1678.0205078125,0.000172633491500622,0.41922735735854
5549.13780286484,1678.01745605469,0.000172633491500622,0.419161521408899
5531.46013333518,1678.01440429688,0.000172633491500622,0.4190945649039
5501.28246380551,1678.00915527344,0.000172633491500622,0.419014698988178
5513.78246380551,1678.01135253906,0.00017578125,0.419061180304621
5483.60479427585,1678.00610351562,0.000172633491500622,0.418923149563185
5465.92712474619,1678.00305175781,0.000172633491500622,0.418806223722448
5448.24945521652,1678,0.0565685424949238,0.418772024578491
5430.57178568686,1677,0.169705627484771,0.416869668240558
5412.89411615719,1674,0.226274169979695,0.418038141657023
5395.21644662753,1670,0.24,0.419572474440672
5382.71644662753,1667,0.398525390625,0.420731687496694
5370.21644662753,1662.01843261719,0.00017578125,0.422647446319961
5357.71644662753,1662.01623535156,0.00017578125,0.422646639794864
5345.21644662753,1662.01403808594,0.00017578125,0.422645833279299
5332.71644662753,1662.01184082031,0.00017578125,0.421697205981181
5320.21644662753,1662.00964355469,0.00017578125,0.421693144099254
5307.71644662753,1662.00744628906,0.00017578125,0.42169071596762
5295.21644662753,1662.00524902344,0.00017578125,0.421688287888344
5282.71644662753,1662.00305175781,0.000244140625,0.421684228873812
5270.21644662753,1662,0.16,0.421683760234806
5257.71644662753,1660,0.113137084989848,0.421683238410001
5240.03877709787,1658,0.169705627484771,0.422448087565792
5222.3611075682,1655,0.113137084989848,0.423572961491839
5204.68343803854,1653,0.169705627484771,0.424316595090343
5187.00576850888,1650,0.0565685424949238,0.425321758454019
5169.32809897921,1649,0.0558503871702812,0.425656103133911
5151.65042944955,1648.0126953125,0.00017578125,0.426013292702846
5139.15042944955,1648.01049804688,0.00017578125,0.426012469178861
5126.65042944955,1648.00830078125,0.00017578125,0.425723778887207
5114.15042944955,1648.00610351562,0.000172633491500622,0.425700689663748
5096.47275991988,1648.00305175781,0.000172633491500622,0.425669755500446
5078.79509039022,1648,0.169705627484771,0.424533541759622
5061.11742086056,1645,0.32,0.425661295223078
5048.61742086056,1641,0.226274169979695,0.427157044949142
5030.93975133089,1637,0.08,0.428646504044662
5018.43975133089,1636,0.078671875,0.429006698833222
5005.93975133089,1635.0166015625,0.00017578125,0.429285755444246
4993.43975133089,1635.01440429688,0.000172633491500622,0.429272311434274
4975.76208180123,1635.01135253906,0.000172633491500622,0.429052162196955
4958.08441227156,1635.00830078125,0.000172633491500622,0.429027372961864
4940.4067427419,1635.00524902344,0.00017578125,0.428175958742238
4927.9067427419,1635.00305175781,0.000244140625,0.428170226751943
4915.4067427419,1635,0.08,0.428169717793025
4902.9067427419,1634,0.08,0.428478573055116
4890.4067427419,1633,0.24,0.428847849175411
4877.9067427419,1630,0.32,0.429918562894895
4865.4067427419,1626,0.64,0.431388632871175
4852.9067427419,1618,0.079755859375,0.434207478498345
4840.4067427419,1617.00305175781,0.000172633491500622,0.434496184024285
4822.72907321224,1617,0.0565685424949238,0.434428478690475
4805.05140368257,1616,0.078388671875,0.434780020977906
4792.55140368257,1615.02014160156,0.00017578125,0.435130274736855
4780.05140368257,1615.01794433594,0.00017578125,0.435121268427854
4767.55140368257,1615.01574707031,0.00017578125,0.435118731901468
4755.05140368257,1615.01354980469,0.00017578125,0.435117858592928
4742.55140368257,1615.01135253906,0.00017578125,0.435116985294283
4730.05140368257,1615.00915527344,0.000172633491500622,0.428590612181347
4712.37373415291,1615.00610351562,0.000172633491500622,0.428574382828628
4694.69606462324,1615.00305175781,0.000172633491500622,0.428527230402402
4677.01839509358,1615,0.113137084989848,0.428525165230036
4659.34072556392,1613,0.16,0.429246628658934
4646.84072556392,1611,0.113137084989848,0.429975461035919
4629.16305603425,1609,0.08,0.43064599164514
4616.66305603425,1608,0.0565685424949238,0.430915288536373
4598.98538650459,1607,0.079228515625,0.43127688082566
4586.48538650459,1606.00964355469,0.00017578125,0.431597292694663
4573.98538650459,1606.00744628906,0.00017578125,0.431593290843616
4561.48538650459,1606.00524902344,0.000172633491500622,0.431546438138062
4543.80771697492,1606.00219726562,0.00017578125,0.431490080820638
4531.30771697492,1606,0.08,0.431489275675731
4518.80771697492,1605,0.156640625,0.431851632285168
4506.30771697492,1603.0419921875,0.00017578125,0.432561320122434
4493.80771697492,1603.03979492188,0.00017578125,0.432560507990231
4481.30771697492,1603.03759765625,0.00017578125,0.432559695867059
4468.80771697492,1603.03540039062,0.00017578125,0.432558883752916
4456.30771697492,1603.033203125,0.00017578125,0.432558071647803
4443.80771697492,1603.03100585938,0.00017578125,0.43255725955172
4431.30771697492,1603.02880859375,0.00017578125,0.432556447464666
4418.80771697492,1603.02661132812,0.000172633491500622,0.431869161356424
4401.13004744526,1603.02355957031,0.000172633491500622,0.431726105205138
4383.4523779156,1603.0205078125,0.000172633491500622,0.430588479217381
4365.77470838593,1603.01745605469,0.000172633491500622,0.430383974208225
4348.09703885627,1603.01440429688,0.000172633491500622,0.430341344304444
4330.4193693266,1603.01135253906,0.000172633491500622,0.430310954167117
4312.74169979694,1603.00830078125,0.000172633491500622,0.430288253496277
4295.06403026728,1603.00524902344,0.000172633491500622,0.430262368462162
4277.38636073761,1603.00219726562,0.00017578125,0.429397919179099
4264.88636073761,1603,0.0565685424949238,0.429343968220054
4247.20869120795,1602,0.169705627484771,0.429707019278884
4229.53102167828,1599,0.24,0.430796551656108
4217.03102167828,1596,0.169705627484771,0.43187875490888
4199.35335214862,1593,0.0564442463810434,0.432683067341941
4181.67568261896,1592.00219726562,0.00017578125,0.432921343320848
4169.17568261896,1592,0.08,0.432920538784626
4156.67568261896,1591,0.08,0.433275579239677
4144.17568261896,1590,0.079228515625,0.433431042946281
4131.67568261896,1589.00964355469,0.00017578125,0.43375072779872
4119.17568261896,1589.00744628906,0.00017578125,0.433749918580914
4106.67568261896,1589.00524902344,0.00017578125,0.433749109372002
4094.17568261896,1589.00305175781,0.000172633491500622,0.433671324437942
4076.49801308929,1589,0.0565685424949238,0.433634522463059
4058.82034355963,1588,0.112715859270586,0.433955484329467
4041.14267402997,1586.00744628906,0.00017578125,0.434662506645068
4028.64267402997,1586.00524902344,0.00017578125,0.434661691929243
4016.14267402997,1586.00305175781,0.000244140625,0.434660877222351
4003.64267402997,1586,0.08,0.434516817807917
3991.14267402997,1585,0.24,0.434871069489755
3978.64267402997,1582,0.078916015625,0.435932758883335
3966.14267402997,1581.01354980469,0.000172633491500622,0.435509831940583
3948.4650045003,1581.01049804688,0.000172633491500622,0.434994378064395
3930.78733497064,1581.00744628906,0.00017578125,0.434953695135019
3918.28733497064,1581.00524902344,0.00017578125,0.434946563722245
3905.78733497064,1581.00305175781,0.000244140625,0.434944160598117
3893.28733497064,1581,0.16,0.434943652595596
3880.78733497064,1579,0.08,0.435645792689649
3868.28733497064,1578,0.0563959090034232,0.435719768347614
3850.60966544098,1577.00305175781,0.000172633491500622,0.43604678360325
3832.93199591131,1577,0.08,0.435932566385396
3820.43199591131,1576,0.08,0.436279163371983
3807.93199591131,1575,0.08,0.436439887237595
3795.43199591131,1574,0.168863176046248,0.436792060520987
3777.75432638165,1571.01489257812,0.00017578125,0.437831369654521
3765.25432638165,1571.0126953125,0.00017578125,0.43783054032927
3752.75432638165,1571.01049804688,0.00017578125,0.437829711013003
3740.25432638165,1571.00830078125,0.00017578125,0.437828881705721
3727.75432638165,1571.00610351562,0.000172633491500622,0.437715998329901
3710.07665685199,1571.00305175781,0.000172633491500622,0.436391711257029
3692.39898732232,1571,0.077060546875,0.436375547093059
3679.89898732232,1570.03674316406,0.00017578125,0.436691078930431
3667.39898732232,1570.03454589844,0.000172633491500622,0.43668891113373
3649.72131779266,1570.03149414062,0.000172633491500622,0.436648488316954
3632.04364826299,1570.02844238281,0.000172633491500622,0.436470297424399
3614.36597873333,1570.025390625,0.00017578125,0.436453928548142
3601.86597873333,1570.02319335938,0.000172633491500622,0.436447469196068
3584.18830920367,1570.02014160156,0.000172633491500622,0.436405632806766
3566.510639674,1570.01708984375,0.000172633491500622,0.436327827312002
3548.83297014434,1570.01403808594,0.00017578125,0.436320148313267
3536.33297014434,1570.01184082031,0.00017578125,0.436317988364192
3523.83297014434,1570.00964355469,0.00017578125,0.436314372337512
3511.33297014434,1570.00744628906,0.000172633491500622,0.436304991259663
3493.65530061468,1570.00439453125,0.00017578125,0.436281621220334
3481.15530061468,1570.00219726562,0.00017578125,0.436279463997323
3468.65530061468,1570,0.08,0.436277304704444
3456.15530061468,1569,0.08,0.436628600558491
3443.65530061468,1568,0.226274169979695,0.436972189307079
3425.97763108501,1564,0.225631973391313,0.438167889904515
3408.29996155535,1560.01135253906,0.00017578125,0.439105419778565
3395.79996155535,1560.00915527344,0.000172633491500622,0.439091663299108
3378.12229202569,1560.00610351562,0.000172633491500622,0.439073786147442
3360.44462249602,1560.00305175781,0.000172633491500622,0.438953180321529
3342.76695296636,1560,0.0565685424949238,0.438949828403483
3325.0892834367,1559,0.169705627484771,0.439295790894185
3307.41161390703,1556,0.169705627484771,0.440332612075253
3289.73394437737,1553,0.079228515625,0.44136411113199
3277.23394437737,1552.00964355469,0.000172633491500622,0.441113991675256
3259.55627484771,1552.00659179688,0.00017578125,0.441091778449337
3247.05627484771,1552.00439453125,0.00017578125,0.441089579949414
3234.55627484771,1552.00219726562,0.00017578125,0.441047013565527
3222.05627484771,1552,0.0565685424949238,0.441040424142257
3204.37860531804,1551,0.07982421875,0.441230964325069
3191.87860531804,1550.00219726562,0.00017578125,0.441483569873154
3179.37860531804,1550,0.07859375,0.441482847010689
3166.87860531804,1549.017578125,0.00017578125,0.441720979084382
3154.37860531804,1549.01538085938,0.00017578125,0.441711494288366
3141.87860531804,1549.01318359375,0.00017578125,0.441702005847038
3129.37860531804,1549.01098632812,0.00017578125,0.441688198248616
3116.87860531804,1549.0087890625,0.00017578125,0.441664441362133
3104.37860531804,1549.00659179688,0.00017578125,0.441646381977772
3091.87860531804,1549.00439453125,0.00017578125,0.441628347087432
3079.37860531804,1549.00219726562,0.00017578125,0.441617435278976
3066.87860531804,1549,0.0559263459065415,0.44160367320462
3049.20093578838,1548.01135253906,0.00017578125,0.441910956776554
3036.70093578838,1548.00915527344,0.000244140625,0.441786722139543
3024.20093578838,1548.00610351562,0.000172633491500622,0.441777472339414
3006.52326625872,1548.00305175781,0.000244140625,0.434164575340707
2994.02326625872,1548,0.0565685424949238,0.434149125762486
2976.34559672905,1547,0.0565685424949238,0.434445948297606
2958.66792719939,1546,0.113137084989848,0.434778201171317
2940.99025766972,1544,0.113137084989848,0.435470524408904
2923.31258814006,1542,0.113137084989848,0.436163927857688
2905.6349186104,1540,0.22481714331143,0.43685562262291
2887.95724908073,1536.02575683594,0.00017578125,0.438204266684966
2875.45724908073,1536.02355957031,0.00017578125,0.438203615010824
2862.95724908073,1536.02136230469,0.000172633491500622,0.438114331503089
2845.27957955107,1536.01831054688,0.000172633491500622,0.438095788469972
2827.60191002141,1536.01525878906,0.000172633491500622,0.433283062375976
2809.92424049174,1536.01220703125,0.000172633491500622,0.433259525453691
2792.24657096208,1536.00915527344,0.000172633491500622,0.433237331283841
2774.56890143242,1536.00610351562,0.000172633491500622,0.433200339264675
2756.89123190275,1536.00305175781,0.000172633491500622,0.433157821900646
2739.21356237309,1536,0.0563959090034232,0.433128825074378
2721.53589284343,1535.00305175781,0.000244140625,0.432883850043108
2709.03589284343,1535,0.0565685424949238,0.432794445508193
2691.35822331376,1534,0.169705627484771,0.433118846701157
2673.6805537841,1531,0.08,0.434151546353597
2661.1805537841,1530,0.16,0.434491738508325
2648.6805537841,1528,0.0776953125,0.435166812735858
2636.1805537841,1527.02880859375,0.00017578125,0.435498560156877
2623.6805537841,1527.02661132812,0.00017578125,0.435491123940379
2611.1805537841,1527.0244140625,0.000172633491500622,0.435489127677656
2593.50288425444,1527.02136230469,0.000172633491500622,0.43543328526747
2575.82521472477,1527.01831054688,0.000172633491500622,0.435400320997349
2558.14754519511,1527.01525878906,0.000172633491500622,0.435317184564591
2540.46987566545,1527.01220703125,0.000172633491500622,0.435263414377768
2522.79220613578,1527.00915527344,0.000172633491500622,0.435241307274503
2505.11453660612,1527.00610351562,0.000172633491500622,0.435225922341074
2487.43686707646,1527.00305175781,0.000172633491500622,0.435214632287612
2469.75919754679,1527,0.0564442463810434,0.435196545145657
2452.08152801713,1526.00219726562,0.00017578125,0.435421105010926
2439.58152801713,1526,0.0563959090034232,0.435419111562693
2421.90385848746,1525.00305175781,0.000244140625,0.435722376542999
2409.40385848746,1525,0.0565685424949238,0.435711118003675
2391.7261889578,1524,0.109926102047936,0.436051817189915
2374.04851942814,1522.05676269531,0.00017578125,0.436715276331572
2361.54851942814,1522.05456542969,0.00017578125,0.436714649181387
2349.04851942814,1522.05236816406,0.00017578125,0.436714022037374
2336.54851942814,1522.05017089844,0.000172633491500622,0.43579759861291
2318.87084989847,1522.04711914062,0.000172633491500622,0.435774047329661
2301.19318036881,1522.04406738281,0.000172633491500622,0.435745037761839
2283.51551083915,1522.041015625,0.000172633491500622,0.435625906958116
2265.83784130948,1522.03796386719,0.000172633491500622,0.435591380746597
2248.16017177982,1522.03491210938,0.00017578125,0.435083813620181
2235.66017177982,1522.03271484375,0.000172633491500622,0.435070918674107
2217.98250225016,1522.02966308594,0.00017578125,0.43505146219636
2205.48250225016,1522.02746582031,0.000172633491500622,0.43504129772546
2187.80483272049,1522.0244140625,0.000172633491500622,0.435006864719795
2170.12716319083,1522.02136230469,0.000172633491500622,0.43498605570157
2152.44949366117,1522.01831054688,0.000172633491500622,0.434969317853236
2134.7718241315,1522.01525878906,0.000172633491500622,0.434940301450665
2117.09415460184,1522.01220703125,0.000172633491500622,0.434108065927229
2099.41648507218,1522.00915527344,0.000172633491500622,0.434087315453753
2081.73881554251,1522.00610351562,0.000172633491500622,0.43405709535638
2064.06114601285,1522.00305175781,0.000244140625,0.433748182848923
2051.56114601285,1522,0.0565685424949238,0.433745157051605
2033.88347648319,1521,0.0565685424949238,0.434048499140326
2016.20580695352,1520,0.113137084989848,0.434390762268742
1998.52813742386,1518,0.113137084989848,0.435065902797183
1980.85046789419,1516,0.079091796875,0.435747526894902
1968.35046789419,1515.01135253906,0.00017578125,0.436045824086269
1955.85046789419,1515.00915527344,0.000244140625,0.436045206612456
1943.35046789419,1515.00610351562,0.000172633491500622,0.436016353522849
1925.67279836453,1515.00305175781,0.000172633491500622,0.435999659900522
1907.99512883487,1515,0.0554015400923796,0.435991144344206
1890.3174593052,1514.02062988281,0.00017578125,0.436313034387651
1877.8174593052,1514.01843261719,0.00017578125,0.436312415494153
1865.3174593052,1514.01623535156,0.00017578125,0.436311796606712
1852.8174593052,1514.01403808594,0.00017578125,0.434077088484588
1840.3174593052,1514.01184082031,0.00017578125,0.434076487042805
1827.8174593052,1514.00964355469,0.00017578125,0.434075885606919
1815.3174593052,1514.00744628906,0.00017578125,0.43407528417693
1802.8174593052,1514.00524902344,0.00017578125,0.434074682752838
1790.3174593052,1514.00305175781,0.000172633491500622,0.433917399334746
1772.63978977554,1514,0.0565685424949238,0.433879317975718
1754.96212024588,1513,0.07505859375,0.434204040081242
1742.46212024588,1512.06176757812,0.00017578125,0.434519399575693
1729.96212024588,1512.0595703125,0.00017578125,0.434482431566435
1717.46212024588,1512.05737304688,0.00017578125,0.434476430178791
1704.96212024588,1512.05517578125,0.00017578125,0.434473126067069
1692.46212024588,1512.05297851562,0.00017578125,0.434469822035808
1679.96212024588,1512.05078125,0.00017578125,0.43445711093584
1667.46212024588,1512.04858398438,0.00017578125,0.434441707814094
1654.96212024588,1512.04638671875,0.000172633491500622,0.434437059933392
1637.28445071621,1512.04333496094,0.00017578125,0.434413787169477
1624.78445071621,1512.04113769531,0.000172633491500622,0.434407790097335
1607.10678118655,1512.0380859375,0.00017578125,0.434389886517149
1594.60678118655,1512.03588867188,0.00017578125,0.434386582382145
1582.10678118655,1512.03369140625,0.00017578125,0.434385979817458
1569.60678118655,1512.03149414062,0.00017578125,0.434385377258669
1557.10678118655,1512.029296875,0.00017578125,0.43339273070002
1544.60678118655,1512.02709960938,0.00017578125,0.433390790544503
1532.10678118655,1512.02490234375,0.00017578125,0.433388850423487
1519.60678118655,1512.02270507812,0.00017578125,0.433388255594933
1507.10678118655,1512.0205078125,0.000172633491500622,0.432945586838542
1489.42911165688,1512.01745605469,0.000172633491500622,0.430531473330596
1471.75144212722,1512.01440429688,0.00017578125,0.430519243696604
1459.25144212722,1512.01220703125,0.000172633491500622,0.430512041254827
1441.57377259756,1512.00915527344,0.000172633491500622,0.430481256623045
1423.89610306789,1512.00610351562,0.000244140625,0.430474336765644
1411.39610306789,1512.00305175781,0.000244140625,0.430474058016142
1398.89610306789,1512,0.08,0.43047377927018
1386.39610306789,1511,0.16,0.430816366086234
1373.89610306789,1509,0.16,0.431501624622946
1361.39610306789,1507,0.159267578125,0.432185228223091
1348.89610306789,1505.00915527344,0.000172633491500622,0.432811125726099
1331.21843353823,1505.00610351562,0.000172633491500622,0.432738141944033
1313.54076400857,1505.00305175781,0.000172633491500622,0.432672986387231
1295.8630944789,1505,0.077412109375,0.432671359782938
1283.3630944789,1504.03234863281,0.00017578125,0.432996146715267
1270.8630944789,1504.03015136719,0.00017578125,0.432994227419313
1258.3630944789,1504.02795410156,0.00017578125,0.432964537747037
1245.8630944789,1504.02575683594,0.00017578125,0.432946740792504
1233.3630944789,1504.02355957031,0.00017578125,0.432928941778294
1220.8630944789,1504.02136230469,0.000172633491500622,0.43292171792993
1203.18542494924,1504.01831054688,0.000172633491500622,0.432905433460172
1185.50775541957,1504.01525878906,0.000172633491500622,0.432879849157092
1167.83008588991,1504.01220703125,0.000172633491500622,0.432851638631515
1150.15241636025,1504.00915527344,0.000244140625,0.432826053968704
1137.65241636025,1504.00610351562,0.000172633491500622,0.43281645951616
1119.97474683058,1504.00305175781,0.000172633491500622,0.432196131110629
1102.29707730092,1504,0.0565685424949238,0.432194513031959
1084.61940777126,1503,0.0565685424949238,0.432529102780542
1066.94173824159,1502,0.0561473167756623,0.432851403618791
1049.26406871193,1501.00744628906,0.00017578125,0.433165391295273
1036.76406871193,1501.00524902344,0.00017578125,0.433163473176701
1024.26406871193,1501.00305175781,0.000244140625,0.433162887006267
1011.76406871193,1501,0.079755859375,0.433162591571276
999.264068711929,1500.00305175781,0.000172633491500622,0.433490947699393
981.586399182265,1500,0.0565685424949238,0.433464116011852
963.908729652601,1499,0.113137084989848,0.432751253608701
946.231060122938,1497,0.076953125,0.433425285341447
933.731060122938,1496.0380859375,0.00017578125,0.433750110357341
921.231060122938,1496.03588867188,0.00017578125,0.433749522824166
908.731060122938,1496.03369140625,0.00017578125,0.433748935296679
896.231060122938,1496.03149414062,0.00017578125,0.433748347774882
883.731060122938,1496.029296875,0.00017578125,0.433747760258773
871.231060122938,1496.02709960938,0.00017578125,0.433747172748354
858.731060122938,1496.02490234375,0.00017578125,0.433746585243623
846.231060122938,1496.02270507812,0.00017578125,0.433745997744581
833.731060122938,1496.0205078125,0.00017578125,0.433745410251228
821.231060122938,1496.01831054688,0.000172633491500622,0.433024935111551
803.553390593274,1496.01525878906,0.000172633491500622,0.432971623781395
785.87572106361,1496.01220703125,0.000172633491500622,0.432504401308764
768.198051533947,1496.00915527344,0.000172633491500622,0.432446563462703
750.520382004283,1496.00610351562,0.000172633491500622,0.432421217445095
732.842712474619,1496.00305175781,0.000244140625,0.432406411037036
720.342712474619,1496,0.0565685424949238,0.43240348935158
702.665042944955,1495,0.077509765625,0.432704805383529
690.165042944955,1494.03112792969,0.00017578125,0.433032019453724
677.665042944955,1494.02893066406,0.00017578125,0.433031438613051
665.165042944955,1494.02673339844,0.00017578125,0.433030857777998
652.665042944955,1494.02453613281,0.00017578125,0.433030276948564
640.165042944955,1494.02233886719,0.00017578125,0.433029696124751
627.665042944955,1494.02014160156,0.00017578125,0.433029115306557
615.165042944955,1494.01794433594,0.00017578125,0.433028534493983
602.665042944955,1494.01574707031,0.00017578125,0.43302795368703
590.165042944955,1494.01354980469,0.00017578125,0.433027372885695
577.665042944955,1494.01135253906,0.000172633491500622,0.432799704843492
559.987373415292,1494.00830078125,0.000172633491500622,0.43277166209685
542.309703885628,1494.00524902344,0.00017578125,0.43256452549277
529.809703885628,1494.00305175781,0.000244140625,0.43256394816724
517.309703885628,1494,0.078388671875,0.432563660666517
504.809703885628,1493.02014160156,0.00017578125,0.432876080228649
492.309703885628,1493.01794433594,0.00017578125,0.432875501171812
479.809703885628,1493.01574707031,0.00017578125,0.432874922120575
467.309703885628,1493.01354980469,0.00017578125,0.432874343074937
454.809703885628,1493.01135253906,0.00017578125,0.432873764034899
442.309703885628,1493.00915527344,0.000172633491500622,0.430880837026276
424.632034355964,1493.00610351562,0.000172633491500622,0.430851813718671
406.954364826301,1493.00305175781,0.000172633491500622,0.430764393135019
376.776695296637,1492.03857421875,0.00017578125,0.431083026613495
389.276695296637,1493,0.0769140625,0.430764120397962
364.276695296637,1492.03637695312,0.00017578125,0.431082461522122
351.776695296637,1492.0341796875,0.00017578125,0.431081896436221
339.276695296637,1492.03198242188,0.00017578125,0.43108133135579
326.776695296637,1492.02978515625,0.00017578125,0.43108076628083
314.276695296637,1492.02758789062,0.00017578125,0.431080201211341
301.776695296637,1492.025390625,0.00017578125,0.431079636147322
289.276695296637,1492.02319335938,0.00017578125,0.431079071088774
276.776695296637,1492.02099609375,0.00017578125,0.431078506035696
264.276695296637,1492.01879882812,0.000172633491500622,0.430823319367144
246.599025766973,1492.01574707031,0.00017578125,0.430806032594385
234.099025766973,1492.01354980469,0.00017578125,0.43080155132582
221.599025766973,1492.01135253906,0.00017578125,0.430799680463347
209.099025766973,1492.00915527344,0.000172633491500622,0.430778186142196
191.42135623731,1492.00610351562,0.000172633491500622,0.430772688343484
173.743686707646,1492.00305175781,0.000172633491500622,0.430771108283669
156.066017177982,1492,0.0563959090034232,0.430759083651374
138.388347648318,1491.00305175781,0.000244140625,0.431093764485808
125.888347648318,1491,0.0793359375,0.431093489977044
113.388347648318,1490.00830078125,0.00017578125,0.431428604873517
100.888347648318,1490.00610351562,0.000244140625,0.431428038423758
88.3883476483184,1490.00305175781,0.000172633491500622,0.430809170632634
70.7106781186548,1490,0.0565685424949238,0.430764571873198
53.0330085889911,1489,0.0565685424949238,0.430962165068112
35.3553390593274,1488,0.0565685424949238,0.431278924596302
17.6776695296637,1487,0.0561956541532825,0.431609628810252
0,1486.00659179688,0,0.43192215827853
